filename,width,height,class,xmin,ymin,xmax,ymax,image_id
003a5aaf6d17c917.jpg,1024,683,License,213.47328,338.244608,251.42391100000003,349.86674999999997,0
