filename,width,height,class,xmin,ymin,xmax,ymax,image_id
003a5aaf6d17c917.jpg,1024,683,License,213.47328,251.42391100000003,338.244608,349.86674999999997,0
00723dac8201a83e.jpg,1024,768,License,1.398784,408.147456,60.326912,438.24460799999997,1
00723dac8201a83e.jpg,1024,768,License,787.314688,347.72966399999996,830.90432,374.35161600000004,2
